{"years": [
    {
        "months": [
            {
                "month": 1,
                "days": [
                    {
                        "day": 1,
                        "tasks": []
                    },
                    {
                        "day": 2,
                        "tasks": []
                    },
                    {
                        "day": 3,
                        "tasks": []
                    },
                    {
                        "day": 4,
                        "tasks": []
                    },
                    {
                        "day": 5,
                        "tasks": []
                    },
                    {
                        "day": 6,
                        "tasks": []
                    },
                    {
                        "day": 7,
                        "tasks": []
                    },
                    {
                        "day": 8,
                        "tasks": []
                    },
                    {
                        "day": 9,
                        "tasks": []
                    },
                    {
                        "day": 10,
                        "tasks": []
                    },
                    {
                        "day": 11,
                        "tasks": []
                    },
                    {
                        "day": 12,
                        "tasks": []
                    },
                    {
                        "day": 13,
                        "tasks": []
                    },
                    {
                        "day": 14,
                        "tasks": []
                    },
                    {
                        "day": 15,
                        "tasks": []
                    },
                    {
                        "day": 16,
                        "tasks": []
                    },
                    {
                        "day": 17,
                        "tasks": []
                    },
                    {
                        "day": 18,
                        "tasks": []
                    },
                    {
                        "day": 19,
                        "tasks": []
                    },
                    {
                        "day": 20,
                        "tasks": []
                    },
                    {
                        "day": 21,
                        "tasks": []
                    },
                    {
                        "day": 22,
                        "tasks": []
                    },
                    {
                        "day": 23,
                        "tasks": []
                    },
                    {
                        "day": 24,
                        "tasks": []
                    },
                    {
                        "day": 25,
                        "tasks": []
                    },
                    {
                        "day": 26,
                        "tasks": []
                    },
                    {
                        "day": 27,
                        "tasks": []
                    },
                    {
                        "day": 28,
                        "tasks": []
                    },
                    {
                        "day": 29,
                        "tasks": []
                    },
                    {
                        "day": 30,
                        "tasks": []
                    },
                    {
                        "day": 31,
                        "tasks": []
                    }
                ]
            },
            {
                "month": 2,
                "days": [
                    {
                        "day": 1,
                        "tasks": []
                    },
                    {
                        "day": 2,
                        "tasks": []
                    },
                    {
                        "day": 3,
                        "tasks": []
                    },
                    {
                        "day": 4,
                        "tasks": []
                    },
                    {
                        "day": 5,
                        "tasks": []
                    },
                    {
                        "day": 6,
                        "tasks": []
                    },
                    {
                        "day": 7,
                        "tasks": []
                    },
                    {
                        "day": 8,
                        "tasks": []
                    },
                    {
                        "day": 9,
                        "tasks": []
                    },
                    {
                        "day": 10,
                        "tasks": []
                    },
                    {
                        "day": 11,
                        "tasks": []
                    },
                    {
                        "day": 12,
                        "tasks": []
                    },
                    {
                        "day": 13,
                        "tasks": []
                    },
                    {
                        "day": 14,
                        "tasks": []
                    },
                    {
                        "day": 15,
                        "tasks": []
                    },
                    {
                        "day": 16,
                        "tasks": []
                    },
                    {
                        "day": 17,
                        "tasks": []
                    },
                    {
                        "day": 18,
                        "tasks": []
                    },
                    {
                        "day": 19,
                        "tasks": []
                    },
                    {
                        "day": 20,
                        "tasks": []
                    },
                    {
                        "day": 21,
                        "tasks": []
                    },
                    {
                        "day": 22,
                        "tasks": []
                    },
                    {
                        "day": 23,
                        "tasks": []
                    },
                    {
                        "day": 24,
                        "tasks": []
                    },
                    {
                        "day": 25,
                        "tasks": []
                    },
                    {
                        "day": 26,
                        "tasks": []
                    },
                    {
                        "day": 27,
                        "tasks": []
                    },
                    {
                        "day": 28,
                        "tasks": []
                    }
                ]
            },
            {
                "month": 3,
                "days": [
                    {
                        "day": 1,
                        "tasks": []
                    },
                    {
                        "day": 2,
                        "tasks": []
                    },
                    {
                        "day": 3,
                        "tasks": []
                    },
                    {
                        "day": 4,
                        "tasks": []
                    },
                    {
                        "day": 5,
                        "tasks": []
                    },
                    {
                        "day": 6,
                        "tasks": []
                    },
                    {
                        "day": 7,
                        "tasks": []
                    },
                    {
                        "day": 8,
                        "tasks": []
                    },
                    {
                        "day": 9,
                        "tasks": []
                    },
                    {
                        "day": 10,
                        "tasks": []
                    },
                    {
                        "day": 11,
                        "tasks": []
                    },
                    {
                        "day": 12,
                        "tasks": []
                    },
                    {
                        "day": 13,
                        "tasks": []
                    },
                    {
                        "day": 14,
                        "tasks": []
                    },
                    {
                        "day": 15,
                        "tasks": []
                    },
                    {
                        "day": 16,
                        "tasks": []
                    },
                    {
                        "day": 17,
                        "tasks": []
                    },
                    {
                        "day": 18,
                        "tasks": []
                    },
                    {
                        "day": 19,
                        "tasks": []
                    },
                    {
                        "day": 20,
                        "tasks": []
                    },
                    {
                        "day": 21,
                        "tasks": []
                    },
                    {
                        "day": 22,
                        "tasks": []
                    },
                    {
                        "day": 23,
                        "tasks": []
                    },
                    {
                        "day": 24,
                        "tasks": []
                    },
                    {
                        "day": 25,
                        "tasks": []
                    },
                    {
                        "day": 26,
                        "tasks": []
                    },
                    {
                        "day": 27,
                        "tasks": []
                    },
                    {
                        "day": 28,
                        "tasks": []
                    },
                    {
                        "day": 29,
                        "tasks": []
                    },
                    {
                        "day": 30,
                        "tasks": []
                    },
                    {
                        "day": 31,
                        "tasks": []
                    }
                ]
            },
            {
                "month": 4,
                "days": [
                    {
                        "day": 1,
                        "tasks": []
                    },
                    {
                        "day": 2,
                        "tasks": []
                    },
                    {
                        "day": 3,
                        "tasks": []
                    },
                    {
                        "day": 4,
                        "tasks": []
                    },
                    {
                        "day": 5,
                        "tasks": []
                    },
                    {
                        "day": 6,
                        "tasks": []
                    },
                    {
                        "day": 7,
                        "tasks": []
                    },
                    {
                        "day": 8,
                        "tasks": []
                    },
                    {
                        "day": 9,
                        "tasks": []
                    },
                    {
                        "day": 10,
                        "tasks": []
                    },
                    {
                        "day": 11,
                        "tasks": []
                    },
                    {
                        "day": 12,
                        "tasks": []
                    },
                    {
                        "day": 13,
                        "tasks": []
                    },
                    {
                        "day": 14,
                        "tasks": []
                    },
                    {
                        "day": 15,
                        "tasks": []
                    },
                    {
                        "day": 16,
                        "tasks": []
                    },
                    {
                        "day": 17,
                        "tasks": []
                    },
                    {
                        "day": 18,
                        "tasks": []
                    },
                    {
                        "day": 19,
                        "tasks": []
                    },
                    {
                        "day": 20,
                        "tasks": []
                    },
                    {
                        "day": 21,
                        "tasks": []
                    },
                    {
                        "day": 22,
                        "tasks": []
                    },
                    {
                        "day": 23,
                        "tasks": []
                    },
                    {
                        "day": 24,
                        "tasks": []
                    },
                    {
                        "day": 25,
                        "tasks": []
                    },
                    {
                        "day": 26,
                        "tasks": []
                    },
                    {
                        "day": 27,
                        "tasks": []
                    },
                    {
                        "day": 28,
                        "tasks": []
                    },
                    {
                        "day": 29,
                        "tasks": []
                    },
                    {
                        "day": 30,
                        "tasks": []
                    }
                ]
            },
            {
                "month": 5,
                "days": [
                    {
                        "day": 1,
                        "tasks": []
                    },
                    {
                        "day": 2,
                        "tasks": []
                    },
                    {
                        "day": 3,
                        "tasks": []
                    },
                    {
                        "day": 4,
                        "tasks": []
                    },
                    {
                        "day": 5,
                        "tasks": []
                    },
                    {
                        "day": 6,
                        "tasks": []
                    },
                    {
                        "day": 7,
                        "tasks": []
                    },
                    {
                        "day": 8,
                        "tasks": []
                    },
                    {
                        "day": 9,
                        "tasks": []
                    },
                    {
                        "day": 10,
                        "tasks": []
                    },
                    {
                        "day": 11,
                        "tasks": []
                    },
                    {
                        "day": 12,
                        "tasks": []
                    },
                    {
                        "day": 13,
                        "tasks": []
                    },
                    {
                        "day": 14,
                        "tasks": []
                    },
                    {
                        "day": 15,
                        "tasks": []
                    },
                    {
                        "day": 16,
                        "tasks": []
                    },
                    {
                        "day": 17,
                        "tasks": []
                    },
                    {
                        "day": 18,
                        "tasks": []
                    },
                    {
                        "day": 19,
                        "tasks": []
                    },
                    {
                        "day": 20,
                        "tasks": []
                    },
                    {
                        "day": 21,
                        "tasks": []
                    },
                    {
                        "day": 22,
                        "tasks": []
                    },
                    {
                        "day": 23,
                        "tasks": []
                    },
                    {
                        "day": 24,
                        "tasks": []
                    },
                    {
                        "day": 25,
                        "tasks": []
                    },
                    {
                        "day": 26,
                        "tasks": []
                    },
                    {
                        "day": 27,
                        "tasks": []
                    },
                    {
                        "day": 28,
                        "tasks": []
                    },
                    {
                        "day": 29,
                        "tasks": []
                    },
                    {
                        "day": 30,
                        "tasks": []
                    },
                    {
                        "day": 31,
                        "tasks": []
                    }
                ]
            },
            {
                "month": 6,
                "days": [
                    {
                        "day": 1,
                        "tasks": []
                    },
                    {
                        "day": 2,
                        "tasks": []
                    },
                    {
                        "day": 3,
                        "tasks": []
                    },
                    {
                        "day": 4,
                        "tasks": []
                    },
                    {
                        "day": 5,
                        "tasks": []
                    },
                    {
                        "day": 6,
                        "tasks": []
                    },
                    {
                        "day": 7,
                        "tasks": []
                    },
                    {
                        "day": 8,
                        "tasks": []
                    },
                    {
                        "day": 9,
                        "tasks": []
                    },
                    {
                        "day": 10,
                        "tasks": []
                    },
                    {
                        "day": 11,
                        "tasks": []
                    },
                    {
                        "day": 12,
                        "tasks": []
                    },
                    {
                        "day": 13,
                        "tasks": []
                    },
                    {
                        "day": 14,
                        "tasks": []
                    },
                    {
                        "day": 15,
                        "tasks": []
                    },
                    {
                        "day": 16,
                        "tasks": []
                    },
                    {
                        "day": 17,
                        "tasks": []
                    },
                    {
                        "day": 18,
                        "tasks": []
                    },
                    {
                        "day": 19,
                        "tasks": []
                    },
                    {
                        "day": 20,
                        "tasks": []
                    },
                    {
                        "day": 21,
                        "tasks": []
                    },
                    {
                        "day": 22,
                        "tasks": []
                    },
                    {
                        "day": 23,
                        "tasks": []
                    },
                    {
                        "day": 24,
                        "tasks": []
                    },
                    {
                        "day": 25,
                        "tasks": []
                    },
                    {
                        "day": 26,
                        "tasks": []
                    },
                    {
                        "day": 27,
                        "tasks": []
                    },
                    {
                        "day": 28,
                        "tasks": []
                    },
                    {
                        "day": 29,
                        "tasks": []
                    },
                    {
                        "day": 30,
                        "tasks": []
                    }
                ]
            },
            {
                "month": 7,
                "days": [
                    {
                        "day": 1,
                        "tasks": []
                    },
                    {
                        "day": 2,
                        "tasks": []
                    },
                    {
                        "day": 3,
                        "tasks": []
                    },
                    {
                        "day": 4,
                        "tasks": []
                    },
                    {
                        "day": 5,
                        "tasks": []
                    },
                    {
                        "day": 6,
                        "tasks": []
                    },
                    {
                        "day": 7,
                        "tasks": []
                    },
                    {
                        "day": 8,
                        "tasks": []
                    },
                    {
                        "day": 9,
                        "tasks": []
                    },
                    {
                        "day": 10,
                        "tasks": []
                    },
                    {
                        "day": 11,
                        "tasks": []
                    },
                    {
                        "day": 12,
                        "tasks": []
                    },
                    {
                        "day": 13,
                        "tasks": []
                    },
                    {
                        "day": 14,
                        "tasks": []
                    },
                    {
                        "day": 15,
                        "tasks": []
                    },
                    {
                        "day": 16,
                        "tasks": []
                    },
                    {
                        "day": 17,
                        "tasks": []
                    },
                    {
                        "day": 18,
                        "tasks": []
                    },
                    {
                        "day": 19,
                        "tasks": []
                    },
                    {
                        "day": 20,
                        "tasks": []
                    },
                    {
                        "day": 21,
                        "tasks": []
                    },
                    {
                        "day": 22,
                        "tasks": []
                    },
                    {
                        "day": 23,
                        "tasks": []
                    },
                    {
                        "day": 24,
                        "tasks": []
                    },
                    {
                        "day": 25,
                        "tasks": []
                    },
                    {
                        "day": 26,
                        "tasks": []
                    },
                    {
                        "day": 27,
                        "tasks": []
                    },
                    {
                        "day": 28,
                        "tasks": []
                    },
                    {
                        "day": 29,
                        "tasks": []
                    },
                    {
                        "day": 30,
                        "tasks": []
                    },
                    {
                        "day": 31,
                        "tasks": []
                    }
                ]
            },
            {
                "month": 8,
                "days": [
                    {
                        "day": 1,
                        "tasks": []
                    },
                    {
                        "day": 2,
                        "tasks": []
                    },
                    {
                        "day": 3,
                        "tasks": []
                    },
                    {
                        "day": 4,
                        "tasks": []
                    },
                    {
                        "day": 5,
                        "tasks": []
                    },
                    {
                        "day": 6,
                        "tasks": []
                    },
                    {
                        "day": 7,
                        "tasks": []
                    },
                    {
                        "day": 8,
                        "tasks": []
                    },
                    {
                        "day": 9,
                        "tasks": []
                    },
                    {
                        "day": 10,
                        "tasks": []
                    },
                    {
                        "day": 11,
                        "tasks": []
                    },
                    {
                        "day": 12,
                        "tasks": []
                    },
                    {
                        "day": 13,
                        "tasks": []
                    },
                    {
                        "day": 14,
                        "tasks": []
                    },
                    {
                        "day": 15,
                        "tasks": []
                    },
                    {
                        "day": 16,
                        "tasks": []
                    },
                    {
                        "day": 17,
                        "tasks": []
                    },
                    {
                        "day": 18,
                        "tasks": []
                    },
                    {
                        "day": 19,
                        "tasks": []
                    },
                    {
                        "day": 20,
                        "tasks": []
                    },
                    {
                        "day": 21,
                        "tasks": []
                    },
                    {
                        "day": 22,
                        "tasks": []
                    },
                    {
                        "day": 23,
                        "tasks": []
                    },
                    {
                        "day": 24,
                        "tasks": []
                    },
                    {
                        "day": 25,
                        "tasks": []
                    },
                    {
                        "day": 26,
                        "tasks": []
                    },
                    {
                        "day": 27,
                        "tasks": []
                    },
                    {
                        "day": 28,
                        "tasks": []
                    },
                    {
                        "day": 29,
                        "tasks": []
                    },
                    {
                        "day": 30,
                        "tasks": []
                    },
                    {
                        "day": 31,
                        "tasks": []
                    }
                ]
            },
            {
                "month": 9,
                "days": [
                    {
                        "day": 1,
                        "tasks": []
                    },
                    {
                        "day": 2,
                        "tasks": []
                    },
                    {
                        "day": 3,
                        "tasks": []
                    },
                    {
                        "day": 4,
                        "tasks": []
                    },
                    {
                        "day": 5,
                        "tasks": []
                    },
                    {
                        "day": 6,
                        "tasks": []
                    },
                    {
                        "day": 7,
                        "tasks": []
                    },
                    {
                        "day": 8,
                        "tasks": []
                    },
                    {
                        "day": 9,
                        "tasks": []
                    },
                    {
                        "day": 10,
                        "tasks": []
                    },
                    {
                        "day": 11,
                        "tasks": []
                    },
                    {
                        "day": 12,
                        "tasks": []
                    },
                    {
                        "day": 13,
                        "tasks": []
                    },
                    {
                        "day": 14,
                        "tasks": []
                    },
                    {
                        "day": 15,
                        "tasks": []
                    },
                    {
                        "day": 16,
                        "tasks": []
                    },
                    {
                        "day": 17,
                        "tasks": []
                    },
                    {
                        "day": 18,
                        "tasks": []
                    },
                    {
                        "day": 19,
                        "tasks": []
                    },
                    {
                        "day": 20,
                        "tasks": []
                    },
                    {
                        "day": 21,
                        "tasks": []
                    },
                    {
                        "day": 22,
                        "tasks": []
                    },
                    {
                        "day": 23,
                        "tasks": []
                    },
                    {
                        "day": 24,
                        "tasks": []
                    },
                    {
                        "day": 25,
                        "tasks": []
                    },
                    {
                        "day": 26,
                        "tasks": []
                    },
                    {
                        "day": 27,
                        "tasks": []
                    },
                    {
                        "day": 28,
                        "tasks": []
                    },
                    {
                        "day": 29,
                        "tasks": []
                    },
                    {
                        "day": 30,
                        "tasks": []
                    }
                ]
            },
            {
                "month": 10,
                "days": [
                    {
                        "day": 1,
                        "tasks": []
                    },
                    {
                        "day": 2,
                        "tasks": []
                    },
                    {
                        "day": 3,
                        "tasks": []
                    },
                    {
                        "day": 4,
                        "tasks": []
                    },
                    {
                        "day": 5,
                        "tasks": []
                    },
                    {
                        "day": 6,
                        "tasks": []
                    },
                    {
                        "day": 7,
                        "tasks": []
                    },
                    {
                        "day": 8,
                        "tasks": []
                    },
                    {
                        "day": 9,
                        "tasks": []
                    },
                    {
                        "day": 10,
                        "tasks": []
                    },
                    {
                        "day": 11,
                        "tasks": []
                    },
                    {
                        "day": 12,
                        "tasks": []
                    },
                    {
                        "day": 13,
                        "tasks": []
                    },
                    {
                        "day": 14,
                        "tasks": []
                    },
                    {
                        "day": 15,
                        "tasks": []
                    },
                    {
                        "day": 16,
                        "tasks": []
                    },
                    {
                        "day": 17,
                        "tasks": []
                    },
                    {
                        "day": 18,
                        "tasks": []
                    },
                    {
                        "day": 19,
                        "tasks": []
                    },
                    {
                        "day": 20,
                        "tasks": []
                    },
                    {
                        "day": 21,
                        "tasks": []
                    },
                    {
                        "day": 22,
                        "tasks": []
                    },
                    {
                        "day": 23,
                        "tasks": []
                    },
                    {
                        "day": 24,
                        "tasks": []
                    },
                    {
                        "day": 25,
                        "tasks": []
                    },
                    {
                        "day": 26,
                        "tasks": []
                    },
                    {
                        "day": 27,
                        "tasks": []
                    },
                    {
                        "day": 28,
                        "tasks": []
                    },
                    {
                        "day": 29,
                        "tasks": []
                    },
                    {
                        "day": 30,
                        "tasks": []
                    },
                    {
                        "day": 31,
                        "tasks": []
                    }
                ]
            },
            {
                "month": 11,
                "days": [
                    {
                        "day": 1,
                        "tasks": []
                    },
                    {
                        "day": 2,
                        "tasks": []
                    },
                    {
                        "day": 3,
                        "tasks": []
                    },
                    {
                        "day": 4,
                        "tasks": []
                    },
                    {
                        "day": 5,
                        "tasks": []
                    },
                    {
                        "day": 6,
                        "tasks": []
                    },
                    {
                        "day": 7,
                        "tasks": []
                    },
                    {
                        "day": 8,
                        "tasks": []
                    },
                    {
                        "day": 9,
                        "tasks": []
                    },
                    {
                        "day": 10,
                        "tasks": []
                    },
                    {
                        "day": 11,
                        "tasks": []
                    },
                    {
                        "day": 12,
                        "tasks": []
                    },
                    {
                        "day": 13,
                        "tasks": []
                    },
                    {
                        "day": 14,
                        "tasks": []
                    },
                    {
                        "day": 15,
                        "tasks": []
                    },
                    {
                        "day": 16,
                        "tasks": []
                    },
                    {
                        "day": 17,
                        "tasks": []
                    },
                    {
                        "day": 18,
                        "tasks": []
                    },
                    {
                        "day": 19,
                        "tasks": []
                    },
                    {
                        "day": 20,
                        "tasks": []
                    },
                    {
                        "day": 21,
                        "tasks": []
                    },
                    {
                        "day": 22,
                        "tasks": []
                    },
                    {
                        "day": 23,
                        "tasks": []
                    },
                    {
                        "day": 24,
                        "tasks": []
                    },
                    {
                        "day": 25,
                        "tasks": []
                    },
                    {
                        "day": 26,
                        "tasks": []
                    },
                    {
                        "day": 27,
                        "tasks": []
                    },
                    {
                        "day": 28,
                        "tasks": []
                    },
                    {
                        "day": 29,
                        "tasks": []
                    },
                    {
                        "day": 30,
                        "tasks": []
                    }
                ]
            },
            {
                "month": 12,
                "days": [
                    {
                        "day": 1,
                        "tasks": []
                    },
                    {
                        "day": 2,
                        "tasks": []
                    },
                    {
                        "day": 3,
                        "tasks": []
                    },
                    {
                        "day": 4,
                        "tasks": []
                    },
                    {
                        "day": 5,
                        "tasks": []
                    },
                    {
                        "day": 6,
                        "tasks": []
                    },
                    {
                        "day": 7,
                        "tasks": []
                    },
                    {
                        "day": 8,
                        "tasks": []
                    },
                    {
                        "day": 9,
                        "tasks": []
                    },
                    {
                        "day": 10,
                        "tasks": []
                    },
                    {
                        "day": 11,
                        "tasks": []
                    },
                    {
                        "day": 12,
                        "tasks": []
                    },
                    {
                        "day": 13,
                        "tasks": []
                    },
                    {
                        "day": 14,
                        "tasks": []
                    },
                    {
                        "day": 15,
                        "tasks": []
                    },
                    {
                        "day": 16,
                        "tasks": []
                    },
                    {
                        "day": 17,
                        "tasks": []
                    },
                    {
                        "day": 18,
                        "tasks": []
                    },
                    {
                        "day": 19,
                        "tasks": []
                    },
                    {
                        "day": 20,
                        "tasks": []
                    },
                    {
                        "day": 21,
                        "tasks": []
                    },
                    {
                        "day": 22,
                        "tasks": []
                    },
                    {
                        "day": 23,
                        "tasks": []
                    },
                    {
                        "day": 24,
                        "tasks": []
                    },
                    {
                        "day": 25,
                        "tasks": []
                    },
                    {
                        "day": 26,
                        "tasks": []
                    },
                    {
                        "day": 27,
                        "tasks": []
                    },
                    {
                        "day": 28,
                        "tasks": []
                    },
                    {
                        "day": 29,
                        "tasks": []
                    },
                    {
                        "day": 30,
                        "tasks": []
                    },
                    {
                        "day": 31,
                        "tasks": []
                    }
                ]
            }
        ],
        "year": 2001
    },
    {
        "months": [
            {
                "month": 1,
                "days": [
                    {
                        "day": 1,
                        "tasks": []
                    },
                    {
                        "day": 2,
                        "tasks": []
                    },
                    {
                        "day": 3,
                        "tasks": []
                    },
                    {
                        "day": 4,
                        "tasks": []
                    },
                    {
                        "day": 5,
                        "tasks": []
                    },
                    {
                        "day": 6,
                        "tasks": []
                    },
                    {
                        "day": 7,
                        "tasks": []
                    },
                    {
                        "day": 8,
                        "tasks": []
                    },
                    {
                        "day": 9,
                        "tasks": []
                    },
                    {
                        "day": 10,
                        "tasks": []
                    },
                    {
                        "day": 11,
                        "tasks": []
                    },
                    {
                        "day": 12,
                        "tasks": []
                    },
                    {
                        "day": 13,
                        "tasks": []
                    },
                    {
                        "day": 14,
                        "tasks": []
                    },
                    {
                        "day": 15,
                        "tasks": []
                    },
                    {
                        "day": 16,
                        "tasks": []
                    },
                    {
                        "day": 17,
                        "tasks": []
                    },
                    {
                        "day": 18,
                        "tasks": []
                    },
                    {
                        "day": 19,
                        "tasks": []
                    },
                    {
                        "day": 20,
                        "tasks": []
                    },
                    {
                        "day": 21,
                        "tasks": []
                    },
                    {
                        "day": 22,
                        "tasks": []
                    },
                    {
                        "day": 23,
                        "tasks": []
                    },
                    {
                        "day": 24,
                        "tasks": []
                    },
                    {
                        "day": 25,
                        "tasks": []
                    },
                    {
                        "day": 26,
                        "tasks": []
                    },
                    {
                        "day": 27,
                        "tasks": []
                    },
                    {
                        "day": 28,
                        "tasks": []
                    },
                    {
                        "day": 29,
                        "tasks": []
                    },
                    {
                        "day": 30,
                        "tasks": []
                    },
                    {
                        "day": 31,
                        "tasks": []
                    }
                ]
            },
            {
                "month": 2,
                "days": [
                    {
                        "day": 1,
                        "tasks": []
                    },
                    {
                        "day": 2,
                        "tasks": []
                    },
                    {
                        "day": 3,
                        "tasks": []
                    },
                    {
                        "day": 4,
                        "tasks": []
                    },
                    {
                        "day": 5,
                        "tasks": []
                    },
                    {
                        "day": 6,
                        "tasks": []
                    },
                    {
                        "day": 7,
                        "tasks": []
                    },
                    {
                        "day": 8,
                        "tasks": []
                    },
                    {
                        "day": 9,
                        "tasks": []
                    },
                    {
                        "day": 10,
                        "tasks": []
                    },
                    {
                        "day": 11,
                        "tasks": []
                    },
                    {
                        "day": 12,
                        "tasks": []
                    },
                    {
                        "day": 13,
                        "tasks": []
                    },
                    {
                        "day": 14,
                        "tasks": []
                    },
                    {
                        "day": 15,
                        "tasks": []
                    },
                    {
                        "day": 16,
                        "tasks": []
                    },
                    {
                        "day": 17,
                        "tasks": []
                    },
                    {
                        "day": 18,
                        "tasks": []
                    },
                    {
                        "day": 19,
                        "tasks": []
                    },
                    {
                        "day": 20,
                        "tasks": []
                    },
                    {
                        "day": 21,
                        "tasks": []
                    },
                    {
                        "day": 22,
                        "tasks": []
                    },
                    {
                        "day": 23,
                        "tasks": []
                    },
                    {
                        "day": 24,
                        "tasks": []
                    },
                    {
                        "day": 25,
                        "tasks": []
                    },
                    {
                        "day": 26,
                        "tasks": []
                    },
                    {
                        "day": 27,
                        "tasks": []
                    },
                    {
                        "day": 28,
                        "tasks": []
                    },
                    {
                        "day": 29,
                        "tasks": []
                    }
                ]
            },
            {
                "month": 3,
                "days": [
                    {
                        "day": 1,
                        "tasks": []
                    },
                    {
                        "day": 2,
                        "tasks": []
                    },
                    {
                        "day": 3,
                        "tasks": []
                    },
                    {
                        "day": 4,
                        "tasks": []
                    },
                    {
                        "day": 5,
                        "tasks": []
                    },
                    {
                        "day": 6,
                        "tasks": []
                    },
                    {
                        "day": 7,
                        "tasks": []
                    },
                    {
                        "day": 8,
                        "tasks": []
                    },
                    {
                        "day": 9,
                        "tasks": []
                    },
                    {
                        "day": 10,
                        "tasks": []
                    },
                    {
                        "day": 11,
                        "tasks": []
                    },
                    {
                        "day": 12,
                        "tasks": []
                    },
                    {
                        "day": 13,
                        "tasks": []
                    },
                    {
                        "day": 14,
                        "tasks": []
                    },
                    {
                        "day": 15,
                        "tasks": []
                    },
                    {
                        "day": 16,
                        "tasks": []
                    },
                    {
                        "day": 17,
                        "tasks": []
                    },
                    {
                        "day": 18,
                        "tasks": []
                    },
                    {
                        "day": 19,
                        "tasks": []
                    },
                    {
                        "day": 20,
                        "tasks": []
                    },
                    {
                        "day": 21,
                        "tasks": []
                    },
                    {
                        "day": 22,
                        "tasks": []
                    },
                    {
                        "day": 23,
                        "tasks": []
                    },
                    {
                        "day": 24,
                        "tasks": []
                    },
                    {
                        "day": 25,
                        "tasks": []
                    },
                    {
                        "day": 26,
                        "tasks": []
                    },
                    {
                        "day": 27,
                        "tasks": []
                    },
                    {
                        "day": 28,
                        "tasks": []
                    },
                    {
                        "day": 29,
                        "tasks": []
                    },
                    {
                        "day": 30,
                        "tasks": []
                    },
                    {
                        "day": 31,
                        "tasks": []
                    }
                ]
            },
            {
                "month": 4,
                "days": [
                    {
                        "day": 1,
                        "tasks": []
                    },
                    {
                        "day": 2,
                        "tasks": []
                    },
                    {
                        "day": 3,
                        "tasks": []
                    },
                    {
                        "day": 4,
                        "tasks": []
                    },
                    {
                        "day": 5,
                        "tasks": []
                    },
                    {
                        "day": 6,
                        "tasks": []
                    },
                    {
                        "day": 7,
                        "tasks": []
                    },
                    {
                        "day": 8,
                        "tasks": []
                    },
                    {
                        "day": 9,
                        "tasks": []
                    },
                    {
                        "day": 10,
                        "tasks": []
                    },
                    {
                        "day": 11,
                        "tasks": []
                    },
                    {
                        "day": 12,
                        "tasks": []
                    },
                    {
                        "day": 13,
                        "tasks": []
                    },
                    {
                        "day": 14,
                        "tasks": []
                    },
                    {
                        "day": 15,
                        "tasks": []
                    },
                    {
                        "day": 16,
                        "tasks": []
                    },
                    {
                        "day": 17,
                        "tasks": []
                    },
                    {
                        "day": 18,
                        "tasks": []
                    },
                    {
                        "day": 19,
                        "tasks": []
                    },
                    {
                        "day": 20,
                        "tasks": []
                    },
                    {
                        "day": 21,
                        "tasks": []
                    },
                    {
                        "day": 22,
                        "tasks": []
                    },
                    {
                        "day": 23,
                        "tasks": []
                    },
                    {
                        "day": 24,
                        "tasks": []
                    },
                    {
                        "day": 25,
                        "tasks": []
                    },
                    {
                        "day": 26,
                        "tasks": []
                    },
                    {
                        "day": 27,
                        "tasks": []
                    },
                    {
                        "day": 28,
                        "tasks": []
                    },
                    {
                        "day": 29,
                        "tasks": []
                    },
                    {
                        "day": 30,
                        "tasks": []
                    }
                ]
            },
            {
                "month": 5,
                "days": [
                    {
                        "day": 1,
                        "tasks": []
                    },
                    {
                        "day": 2,
                        "tasks": []
                    },
                    {
                        "day": 3,
                        "tasks": []
                    },
                    {
                        "day": 4,
                        "tasks": []
                    },
                    {
                        "day": 5,
                        "tasks": []
                    },
                    {
                        "day": 6,
                        "tasks": []
                    },
                    {
                        "day": 7,
                        "tasks": []
                    },
                    {
                        "day": 8,
                        "tasks": []
                    },
                    {
                        "day": 9,
                        "tasks": []
                    },
                    {
                        "day": 10,
                        "tasks": []
                    },
                    {
                        "day": 11,
                        "tasks": []
                    },
                    {
                        "day": 12,
                        "tasks": []
                    },
                    {
                        "day": 13,
                        "tasks": []
                    },
                    {
                        "day": 14,
                        "tasks": []
                    },
                    {
                        "day": 15,
                        "tasks": []
                    },
                    {
                        "day": 16,
                        "tasks": []
                    },
                    {
                        "day": 17,
                        "tasks": []
                    },
                    {
                        "day": 18,
                        "tasks": []
                    },
                    {
                        "day": 19,
                        "tasks": []
                    },
                    {
                        "day": 20,
                        "tasks": []
                    },
                    {
                        "day": 21,
                        "tasks": []
                    },
                    {
                        "day": 22,
                        "tasks": []
                    },
                    {
                        "day": 23,
                        "tasks": []
                    },
                    {
                        "day": 24,
                        "tasks": []
                    },
                    {
                        "day": 25,
                        "tasks": []
                    },
                    {
                        "day": 26,
                        "tasks": []
                    },
                    {
                        "day": 27,
                        "tasks": []
                    },
                    {
                        "day": 28,
                        "tasks": []
                    },
                    {
                        "day": 29,
                        "tasks": []
                    },
                    {
                        "day": 30,
                        "tasks": []
                    },
                    {
                        "day": 31,
                        "tasks": []
                    }
                ]
            },
            {
                "month": 6,
                "days": [
                    {
                        "day": 1,
                        "tasks": []
                    },
                    {
                        "day": 2,
                        "tasks": []
                    },
                    {
                        "day": 3,
                        "tasks": []
                    },
                    {
                        "day": 4,
                        "tasks": []
                    },
                    {
                        "day": 5,
                        "tasks": []
                    },
                    {
                        "day": 6,
                        "tasks": []
                    },
                    {
                        "day": 7,
                        "tasks": []
                    },
                    {
                        "day": 8,
                        "tasks": []
                    },
                    {
                        "day": 9,
                        "tasks": []
                    },
                    {
                        "day": 10,
                        "tasks": []
                    },
                    {
                        "day": 11,
                        "tasks": []
                    },
                    {
                        "day": 12,
                        "tasks": []
                    },
                    {
                        "day": 13,
                        "tasks": []
                    },
                    {
                        "day": 14,
                        "tasks": []
                    },
                    {
                        "day": 15,
                        "tasks": []
                    },
                    {
                        "day": 16,
                        "tasks": []
                    },
                    {
                        "day": 17,
                        "tasks": []
                    },
                    {
                        "day": 18,
                        "tasks": []
                    },
                    {
                        "day": 19,
                        "tasks": []
                    },
                    {
                        "day": 20,
                        "tasks": []
                    },
                    {
                        "day": 21,
                        "tasks": []
                    },
                    {
                        "day": 22,
                        "tasks": []
                    },
                    {
                        "day": 23,
                        "tasks": []
                    },
                    {
                        "day": 24,
                        "tasks": []
                    },
                    {
                        "day": 25,
                        "tasks": []
                    },
                    {
                        "day": 26,
                        "tasks": []
                    },
                    {
                        "day": 27,
                        "tasks": []
                    },
                    {
                        "day": 28,
                        "tasks": []
                    },
                    {
                        "day": 29,
                        "tasks": []
                    },
                    {
                        "day": 30,
                        "tasks": []
                    }
                ]
            },
            {
                "month": 7,
                "days": [
                    {
                        "day": 1,
                        "tasks": []
                    },
                    {
                        "day": 2,
                        "tasks": []
                    },
                    {
                        "day": 3,
                        "tasks": []
                    },
                    {
                        "day": 4,
                        "tasks": []
                    },
                    {
                        "day": 5,
                        "tasks": []
                    },
                    {
                        "day": 6,
                        "tasks": []
                    },
                    {
                        "day": 7,
                        "tasks": []
                    },
                    {
                        "day": 8,
                        "tasks": []
                    },
                    {
                        "day": 9,
                        "tasks": []
                    },
                    {
                        "day": 10,
                        "tasks": []
                    },
                    {
                        "day": 11,
                        "tasks": []
                    },
                    {
                        "day": 12,
                        "tasks": []
                    },
                    {
                        "day": 13,
                        "tasks": []
                    },
                    {
                        "day": 14,
                        "tasks": []
                    },
                    {
                        "day": 15,
                        "tasks": []
                    },
                    {
                        "day": 16,
                        "tasks": []
                    },
                    {
                        "day": 17,
                        "tasks": []
                    },
                    {
                        "day": 18,
                        "tasks": []
                    },
                    {
                        "day": 19,
                        "tasks": []
                    },
                    {
                        "day": 20,
                        "tasks": []
                    },
                    {
                        "day": 21,
                        "tasks": []
                    },
                    {
                        "day": 22,
                        "tasks": []
                    },
                    {
                        "day": 23,
                        "tasks": []
                    },
                    {
                        "day": 24,
                        "tasks": []
                    },
                    {
                        "day": 25,
                        "tasks": []
                    },
                    {
                        "day": 26,
                        "tasks": []
                    },
                    {
                        "day": 27,
                        "tasks": []
                    },
                    {
                        "day": 28,
                        "tasks": []
                    },
                    {
                        "day": 29,
                        "tasks": []
                    },
                    {
                        "day": 30,
                        "tasks": []
                    },
                    {
                        "day": 31,
                        "tasks": []
                    }
                ]
            },
            {
                "month": 8,
                "days": [
                    {
                        "day": 1,
                        "tasks": []
                    },
                    {
                        "day": 2,
                        "tasks": []
                    },
                    {
                        "day": 3,
                        "tasks": []
                    },
                    {
                        "day": 4,
                        "tasks": []
                    },
                    {
                        "day": 5,
                        "tasks": []
                    },
                    {
                        "day": 6,
                        "tasks": []
                    },
                    {
                        "day": 7,
                        "tasks": []
                    },
                    {
                        "day": 8,
                        "tasks": []
                    },
                    {
                        "day": 9,
                        "tasks": []
                    },
                    {
                        "day": 10,
                        "tasks": []
                    },
                    {
                        "day": 11,
                        "tasks": []
                    },
                    {
                        "day": 12,
                        "tasks": []
                    },
                    {
                        "day": 13,
                        "tasks": []
                    },
                    {
                        "day": 14,
                        "tasks": []
                    },
                    {
                        "day": 15,
                        "tasks": []
                    },
                    {
                        "day": 16,
                        "tasks": []
                    },
                    {
                        "day": 17,
                        "tasks": []
                    },
                    {
                        "day": 18,
                        "tasks": []
                    },
                    {
                        "day": 19,
                        "tasks": []
                    },
                    {
                        "day": 20,
                        "tasks": []
                    },
                    {
                        "day": 21,
                        "tasks": []
                    },
                    {
                        "day": 22,
                        "tasks": []
                    },
                    {
                        "day": 23,
                        "tasks": []
                    },
                    {
                        "day": 24,
                        "tasks": []
                    },
                    {
                        "day": 25,
                        "tasks": []
                    },
                    {
                        "day": 26,
                        "tasks": []
                    },
                    {
                        "day": 27,
                        "tasks": []
                    },
                    {
                        "day": 28,
                        "tasks": []
                    },
                    {
                        "day": 29,
                        "tasks": []
                    },
                    {
                        "day": 30,
                        "tasks": []
                    },
                    {
                        "day": 31,
                        "tasks": []
                    }
                ]
            },
            {
                "month": 9,
                "days": [
                    {
                        "day": 1,
                        "tasks": []
                    },
                    {
                        "day": 2,
                        "tasks": []
                    },
                    {
                        "day": 3,
                        "tasks": []
                    },
                    {
                        "day": 4,
                        "tasks": []
                    },
                    {
                        "day": 5,
                        "tasks": []
                    },
                    {
                        "day": 6,
                        "tasks": []
                    },
                    {
                        "day": 7,
                        "tasks": []
                    },
                    {
                        "day": 8,
                        "tasks": []
                    },
                    {
                        "day": 9,
                        "tasks": []
                    },
                    {
                        "day": 10,
                        "tasks": []
                    },
                    {
                        "day": 11,
                        "tasks": []
                    },
                    {
                        "day": 12,
                        "tasks": []
                    },
                    {
                        "day": 13,
                        "tasks": []
                    },
                    {
                        "day": 14,
                        "tasks": []
                    },
                    {
                        "day": 15,
                        "tasks": []
                    },
                    {
                        "day": 16,
                        "tasks": []
                    },
                    {
                        "day": 17,
                        "tasks": []
                    },
                    {
                        "day": 18,
                        "tasks": []
                    },
                    {
                        "day": 19,
                        "tasks": []
                    },
                    {
                        "day": 20,
                        "tasks": []
                    },
                    {
                        "day": 21,
                        "tasks": []
                    },
                    {
                        "day": 22,
                        "tasks": []
                    },
                    {
                        "day": 23,
                        "tasks": []
                    },
                    {
                        "day": 24,
                        "tasks": []
                    },
                    {
                        "day": 25,
                        "tasks": []
                    },
                    {
                        "day": 26,
                        "tasks": []
                    },
                    {
                        "day": 27,
                        "tasks": []
                    },
                    {
                        "day": 28,
                        "tasks": []
                    },
                    {
                        "day": 29,
                        "tasks": []
                    },
                    {
                        "day": 30,
                        "tasks": []
                    }
                ]
            },
            {
                "month": 10,
                "days": [
                    {
                        "day": 1,
                        "tasks": []
                    },
                    {
                        "day": 2,
                        "tasks": []
                    },
                    {
                        "day": 3,
                        "tasks": []
                    },
                    {
                        "day": 4,
                        "tasks": []
                    },
                    {
                        "day": 5,
                        "tasks": []
                    },
                    {
                        "day": 6,
                        "tasks": []
                    },
                    {
                        "day": 7,
                        "tasks": []
                    },
                    {
                        "day": 8,
                        "tasks": []
                    },
                    {
                        "day": 9,
                        "tasks": []
                    },
                    {
                        "day": 10,
                        "tasks": []
                    },
                    {
                        "day": 11,
                        "tasks": []
                    },
                    {
                        "day": 12,
                        "tasks": []
                    },
                    {
                        "day": 13,
                        "tasks": []
                    },
                    {
                        "day": 14,
                        "tasks": []
                    },
                    {
                        "day": 15,
                        "tasks": []
                    },
                    {
                        "day": 16,
                        "tasks": []
                    },
                    {
                        "day": 17,
                        "tasks": []
                    },
                    {
                        "day": 18,
                        "tasks": []
                    },
                    {
                        "day": 19,
                        "tasks": []
                    },
                    {
                        "day": 20,
                        "tasks": []
                    },
                    {
                        "day": 21,
                        "tasks": []
                    },
                    {
                        "day": 22,
                        "tasks": []
                    },
                    {
                        "day": 23,
                        "tasks": []
                    },
                    {
                        "day": 24,
                        "tasks": []
                    },
                    {
                        "day": 25,
                        "tasks": []
                    },
                    {
                        "day": 26,
                        "tasks": []
                    },
                    {
                        "day": 27,
                        "tasks": []
                    },
                    {
                        "day": 28,
                        "tasks": []
                    },
                    {
                        "day": 29,
                        "tasks": []
                    },
                    {
                        "day": 30,
                        "tasks": []
                    },
                    {
                        "day": 31,
                        "tasks": []
                    }
                ]
            },
            {
                "month": 11,
                "days": [
                    {
                        "day": 1,
                        "tasks": []
                    },
                    {
                        "day": 2,
                        "tasks": []
                    },
                    {
                        "day": 3,
                        "tasks": []
                    },
                    {
                        "day": 4,
                        "tasks": []
                    },
                    {
                        "day": 5,
                        "tasks": []
                    },
                    {
                        "day": 6,
                        "tasks": []
                    },
                    {
                        "day": 7,
                        "tasks": []
                    },
                    {
                        "day": 8,
                        "tasks": []
                    },
                    {
                        "day": 9,
                        "tasks": []
                    },
                    {
                        "day": 10,
                        "tasks": []
                    },
                    {
                        "day": 11,
                        "tasks": []
                    },
                    {
                        "day": 12,
                        "tasks": []
                    },
                    {
                        "day": 13,
                        "tasks": []
                    },
                    {
                        "day": 14,
                        "tasks": []
                    },
                    {
                        "day": 15,
                        "tasks": []
                    },
                    {
                        "day": 16,
                        "tasks": []
                    },
                    {
                        "day": 17,
                        "tasks": []
                    },
                    {
                        "day": 18,
                        "tasks": []
                    },
                    {
                        "day": 19,
                        "tasks": []
                    },
                    {
                        "day": 20,
                        "tasks": []
                    },
                    {
                        "day": 21,
                        "tasks": []
                    },
                    {
                        "day": 22,
                        "tasks": []
                    },
                    {
                        "day": 23,
                        "tasks": []
                    },
                    {
                        "day": 24,
                        "tasks": []
                    },
                    {
                        "day": 25,
                        "tasks": []
                    },
                    {
                        "day": 26,
                        "tasks": []
                    },
                    {
                        "day": 27,
                        "tasks": []
                    },
                    {
                        "day": 28,
                        "tasks": []
                    },
                    {
                        "day": 29,
                        "tasks": []
                    },
                    {
                        "day": 30,
                        "tasks": []
                    }
                ]
            },
            {
                "month": 12,
                "days": [
                    {
                        "day": 1,
                        "tasks": []
                    },
                    {
                        "day": 2,
                        "tasks": []
                    },
                    {
                        "day": 3,
                        "tasks": []
                    },
                    {
                        "day": 4,
                        "tasks": []
                    },
                    {
                        "day": 5,
                        "tasks": []
                    },
                    {
                        "day": 6,
                        "tasks": []
                    },
                    {
                        "day": 7,
                        "tasks": []
                    },
                    {
                        "day": 8,
                        "tasks": []
                    },
                    {
                        "day": 9,
                        "tasks": []
                    },
                    {
                        "day": 10,
                        "tasks": []
                    },
                    {
                        "day": 11,
                        "tasks": []
                    },
                    {
                        "day": 12,
                        "tasks": []
                    },
                    {
                        "day": 13,
                        "tasks": []
                    },
                    {
                        "day": 14,
                        "tasks": []
                    },
                    {
                        "day": 15,
                        "tasks": []
                    },
                    {
                        "day": 16,
                        "tasks": []
                    },
                    {
                        "day": 17,
                        "tasks": []
                    },
                    {
                        "day": 18,
                        "tasks": []
                    },
                    {
                        "day": 19,
                        "tasks": []
                    },
                    {
                        "day": 20,
                        "tasks": []
                    },
                    {
                        "day": 21,
                        "tasks": []
                    },
                    {
                        "day": 22,
                        "tasks": []
                    },
                    {
                        "day": 23,
                        "tasks": []
                    },
                    {
                        "day": 24,
                        "tasks": []
                    },
                    {
                        "day": 25,
                        "tasks": []
                    },
                    {
                        "day": 26,
                        "tasks": []
                    },
                    {
                        "day": 27,
                        "tasks": []
                    },
                    {
                        "day": 28,
                        "tasks": []
                    },
                    {
                        "day": 29,
                        "tasks": []
                    },
                    {
                        "day": 30,
                        "tasks": []
                    },
                    {
                        "day": 31,
                        "tasks": []
                    }
                ]
            }
        ],
        "year": 2020
    }
]}